post_date,post_id
16/04/2023,1011
02/05/2023,1012
20/01/2023,1013
09/07/2023,1014
11/05/2023,1015
12/03/2023,1016
16/08/2023,1017
07/01/2023,1018
12/07/2023,1019
04/08/2023,1020
11/05/2023,1021
27/06/2023,1022
08/06/2023,1023
13/05/2023,1024
09/05/2023,1025
08/07/2023,1026
01/08/2023,1027
27/06/2023,1028
30/03/2023,1029
18/07/2023,1030
23/01/2023,1031
22/07/2023,1032
10/03/2023,1033
18/08/2023,1034
22/03/2023,1035
21/03/2023,1036
06/07/2023,1037
07/01/2023,1038
11/05/2023,1039
13/01/2023,1040
08/02/2023,1041
23/01/2023,1042
20/05/2023,1043
21/03/2023,1044
04/07/2023,1045
27/03/2023,1046
17/05/2023,1047
10/03/2023,1048
25/07/2023,1049
10/08/2023,1050
21/01/2023,1051
19/07/2023,1052
03/08/2023,1053
08/02/2023,1054
10/06/2023,1055
17/02/2023,1056
31/05/2023,1057
06/03/2023,1058
02/02/2023,1059
02/03/2023,1060
03/04/2023,1061
14/03/2023,1062
05/02/2023,1063
07/07/2023,1064
13/01/2023,1065
14/06/2023,1066
23/04/2023,1067
09/03/2023,1068
08/02/2023,1069
23/07/2023,1070
02/07/2023,1071
12/04/2023,1072
05/07/2023,1073
09/07/2023,1074
19/08/2023,1075
13/05/2023,1076
22/06/2023,1077
24/06/2023,1078
30/07/2023,1079
02/05/2023,1080
01/02/2023,1081
17/04/2023,1082
24/08/2023,1083
22/05/2023,1084
17/01/2023,1085
22/01/2023,1086
12/05/2023,1087
26/06/2023,1088
23/07/2023,1089
18/01/2023,1090
21/03/2023,1091
03/02/2023,1092
10/08/2023,1093
13/05/2023,1094
24/06/2023,1095
23/01/2023,1096
03/06/2023,1097
17/02/2023,1098
05/07/2023,1099
30/01/2023,1100
23/02/2023,1101
09/06/2023,1102
13/07/2023,1103
28/07/2023,1104
26/01/2023,1105
02/06/2023,1106
29/05/2023,1107
24/06/2023,1108
24/03/2023,1109
24/08/2023,1110
,post_id
,1011
,1012
,1013
,1014
,1015
,1016
,1017
,1018
,1019
,1020
,1021
,1022
,1023
,1024
,1025
,1026
,1027
,1028
,1029
,1030
,1031
,1032
,1033
,1034
,1035
,1036
,1037
,1038
,1039
,1040
,1041
,1042
,1043
,1044
,1045
,1046
,1047
,1048
,1049
,1050
,1051
,1052
,1053
,1054
,1055
,1056
,1057
,1058
,1059
,1060
,1061
,1062
,1063
,1064
,1065
,1066
,1067
,1068
,1069
,1070
,1071
,1072
,1073
,1074
,1075
,1076
,1077
,1078
,1079
,1080
,1081
,1082
,1083
,1084
,1085
,1086
,1087
,1088
,1089
,1090
,1091
,1092
,1093
,1094
,1095
,1096
,1097
,1098
,1099
,1100
,1101
,1102
,1103
,1104
,1105
,1106
,1107
,1108
,1109
,1110
,post_id
,1011
,1012
,1013
,1014
,1015
,1016
,1017
,1018
,1019
,1020
,1021
,1022
,1023
,1024
,1025
,1026
,1027
,1028
,1029
,1030
,1031
,1032
,1033
,1034
,1035
,1036
,1037
,1038
,1039
,1040
,1041
,1042
,1043
,1044
,1045
,1046
,1047
,1048
,1049
,1050
,1051
,1052
,1053
,1054
,1055
,1056
,1057
,1058
,1059
,1060
,1061
,1062
,1063
,1064
,1065
,1066
,1067
,1068
,1069
,1070
,1071
,1072
,1073
,1074
,1075
,1076
,1077
,1078
,1079
,1080
,1081
,1082
,1083
,1084
,1085
,1086
,1087
,1088
,1089
,1090
,1091
,1092
,1093
,1094
,1095
,1096
,1097
,1098
,1099
,1100
,1101
,1102
,1103
,1104
,1105
,1106
,1107
,1108
,1109
,1110
,post_id
,1011
,1012
,1013
,1014
,1015
,1016
,1017
,1018
,1019
,1020
,1021
,1022
,1023
,1024
,1025
,1026
,1027
,1028
,1029
,1030
,1031
,1032
,1033
,1034
,1035
,1036
,1037
,1038
,1039
,1040
,1041
,1042
,1043
,1044
,1045
,1046
,1047
,1048
,1049
,1050
,1051
,1052
,1053
,1054
,1055
,1056
,1057
,1058
,1059
,1060
,1061
,1062
,1063
,1064
,1065
,1066
,1067
,1068
,1069
,1070
,1071
,1072
,1073
,1074
,1075
,1076
,1077
,1078
,1079
,1080
,1081
,1082
,1083
,1084
,1085
,1086
,1087
,1088
,1089
,1090
,1091
,1092
,1093
,1094
,1095
,1096
,1097
,1098
,1099
,1100
,1101
,1102
,1103
,1104
,1105
,1106
,1107
,1108
,1109
,1110
,post_id
,1011
,1012
,1013
,1014
,1015
,1016
,1017
,1018
,1019
,1020
,1021
,1022
,1023
,1024
,1025
,1026
,1027
,1028
,1029
,1030
,1031
,1032
,1033
,1034
,1035
,1036
,1037
,1038
,1039
,1040
,1041
,1042
,1043
,1044
,1045
,1046
,1047
,1048
,1049
,1050
,1051
,1052
,1053
,1054
,1055
,1056
,1057
,1058
,1059
,1060
,1061
,1062
,1063
,1064
,1065
,1066
,1067
,1068
,1069
,1070
,1071
,1072
,1073
,1074
,1075
,1076
,1077
,1078
,1079
,1080
,1081
,1082
,1083
,1084
,1085
,1086
,1087
,1088
,1089
,1090
,1091
,1092
,1093
,1094
,1095
,1096
,1097
,1098
,1099
,1100
,1101
,1102
,1103
,1104
,1105
,1106
,1107
,1108
,1109
,1110
,post_id
,1011
,1012
,1013
,1014
,1015
,1016
,1017
,1018
,1019
,1020
,1021
,1022
,1023
,1024
,1025
,1026
,1027
,1028
,1029
,1030
,1031
,1032
,1033
,1034
,1035
,1036
,1037
,1038
,1039
,1040
,1041
,1042
,1043
,1044
,1045
,1046
,1047
,1048
,1049
,1050
,1051
,1052
,1053
,1054
,1055
,1056
,1057
,1058
,1059
,1060
,1061
,1062
,1063
,1064
,1065
,1066
,1067
,1068
,1069
,1070
,1071
,1072
,1073
,1074
,1075
,1076
,1077
,1078
,1079
,1080
,1081
,1082
,1083
,1084
,1085
,1086
,1087
,1088
,1089
,1090
,1091
,1092
,1093
,1094
,1095
,1096
,1097
,1098
,1099
,1100
,1101
,1102
,1103
,1104
,1105
,1106
,1107
,1108
,1109
,1110
,post_id
,1011
,1012
,1013
,1014
,1015
,1016
,1017
,1018
,1019
,1020
,1021
,1022
,1023
,1024
,1025
,1026
,1027
,1028
,1029
,1030
,1031
,1032
,1033
,1034
,1035
,1036
,1037
,1038
,1039
,1040
,1041
,1042
,1043
,1044
,1045
,1046
,1047
,1048
,1049
,1050
,1051
,1052
,1053
,1054
,1055
,1056
,1057
,1058
,1059
,1060
,1061
,1062
,1063
,1064
,1065
,1066
,1067
,1068
,1069
,1070
,1071
,1072
,1073
,1074
,1075
,1076
,1077
,1078
,1079
,1080
,1081
,1082
,1083
,1084
,1085
,1086
,1087
,1088
,1089
,1090
,1091
,1092
,1093
,1094
,1095
,1096
,1097
,1098
,1099
,1100
,1101
,1102
,1103
,1104
,1105
,1106
,1107
,1108
,1109
,1110
,post_id
,1011
,1012
,1013
,1014
,1015
,1016
,1017
,1018
,1019
,1020
,1021
,1022
,1023
,1024
,1025
,1026
,1027
,1028
,1029
,1030
,1031
,1032
,1033
,1034
,1035
,1036
,1037
,1038
,1039
,1040
,1041
,1042
,1043
,1044
,1045
,1046
,1047
,1048
,1049
,1050
,1051
,1052
,1053
,1054
,1055
,1056
,1057
,1058
,1059
,1060
,1061
,1062
,1063
,1064
,1065
,1066
,1067
,1068
,1069
,1070
,1071
,1072
,1073
,1074
,1075
,1076
,1077
,1078
,1079
,1080
,1081
,1082
,1083
,1084
,1085
,1086
,1087
,1088
,1089
,1090
,1091
,1092
,1093
,1094
,1095
,1096
,1097
,1098
,1099
,1100
,1101
,1102
,1103
,1104
,1105
,1106
,1107
,1108
,1109
,1110
,post_id
,1011
,1012
,1013
,1014
,1015
,1016
,1017
,1018
,1019
,1020
,1021
,1022
,1023
,1024
,1025
,1026
,1027
,1028
,1029
,1030
,1031
,1032
,1033
,1034
,1035
,1036
,1037
,1038
,1039
,1040
,1041
,1042
,1043
,1044
,1045
,1046
,1047
,1048
,1049
,1050
,1051
,1052
,1053
,1054
,1055
,1056
,1057
,1058
,1059
,1060
,1061
,1062
,1063
,1064
,1065
,1066
,1067
,1068
,1069
,1070
,1071
,1072
,1073
,1074
,1075
,1076
,1077
,1078
,1079
,1080
,1081
,1082
,1083
,1084
,1085
,1086
,1087
,1088
,1089
,1090
,1091
,1092
,1093
,1094
,1095
,1096
,1097
,1098
,1099
,1100
,1101
,1102
,1103
,1104
,1105
,1106
,1107
,1108
,1109
,1110